Deposition Number,Datablock,Status,Doi,CIF
2528884,data_howd_ap,Submitted,,
2528883,data_bipw11-cs,Submitted,,
2528882,data_ndwd_mono,Submitted,,
2528881,data_ceiv_w5_mc,Submitted,,
2528880,data_bagew11_ap,Submitted,,
2528879,SURPRISE!,Submitted,,
2528878,data_ceiii_w5_na,Submitted,,
2528877,SURPRISE!,Submitted,,
2525415,SURPRISE!,Submitted,,
2514979,SURPRISE!,Submitted,,
2514977,data_Cs8NaHoW5,Submitted,,
2514976,data_prbw11-cs,Submitted,,
2514975,data_Cs6Na3TbW5,Submitted,,
2514974,data_prsiw11-cs,Submitted,,
2514973,data_prwd-k_ap,Submitted,,
2514972,SURPRISE!,Submitted,,
2514971,data_cs4na5erw5,Submitted,,
2514970,data_Cs8NaDyW5,Submitted,,
2514969,data_gu-cmw5,Submitted,,
2514968,data_na2cs22w24o84,Submitted,,
2514967,data_na3cs6gdw5,Submitted,,
2514966,data_cs-w24-ano,Submitted,,
2514965,data_cs6na3prw5,Submitted,,
2514964,data_Cs8NaSmW5,Submitted,,
2514963,data_Cs8NaPrW5,Submitted,,
2513147,data_amp2w17_k_mp,Published,,
2513146,data_AmP2W17_K_aP,Published,,
2513145,data_NdP2W17-K_aP,Published,,
2513144,data_PrP2W17-K_mP,Published,,
2513143,data_cmp2w17_k_mP,Published,,
2504511,data_smsiw11-cs,Submitted,,
2504510,data_smgew11-cs,Submitted,,
2504509,SURPRISE!,Submitted,,
2503931,SURPRISE!,Submitted,,
2503930,SURPRISE!,Submitted,,
2503929,SURPRISE!,Submitted,,
2503928,SURPRISE!,Submitted,,
2503927,SURPRISE!,Submitted,,
2503926,SURPRISE!,Submitted,,
2497581,SURPRISE!,Submitted,,
2497580,SURPRISE!,Submitted,,
2497579,SURPRISE!,Submitted,,
2496746,SURPRISE!,Submitted,,
2496745,SURPRISE!,Submitted,,
2496444,data_dy-ciol,Submitted,,
2496443,SURPRISE!,Submitted,,
2496442,SURPRISE!,Submitted,,
2496441,SURPRISE!,Submitted,,
2496440,SURPRISE!,Submitted,,
2496439,SURPRISE!,Submitted,,
2496438,SURPRISE!,Submitted,,
2496437,SURPRISE!,Submitted,,
2496436,SURPRISE!,Submitted,,
2496435,SURPRISE!,Submitted,,
2496434,SURPRISE!,Submitted,,
2496433,SURPRISE!,Submitted,,
2496432,SURPRISE!,Submitted,,
2496431,SURPRISE!,Submitted,,
2496430,SURPRISE!,Submitted,,
2496429,SURPRISE!,Submitted,,
2496428,SURPRISE!,Submitted,,
2496427,SURPRISE!,Submitted,,
2496426,SURPRISE!,Submitted,,
2489773,data_eugew11-ba,Submitted,,
2489772,data_bisiw11-cs,Submitted,,
2489771,data_euw5-gu,Submitted,,
2489770,data_bigew11-cs,Submitted,,
2489769,data_ba-euw5,Submitted,,
2489768,data_en-dyw5,Submitted,,
2489767,data_siw12-k,Submitted,,
2489766,data_babw12,Submitted,,
2489765,data_H-U70,Submitted,,
2489764,data_u90-y,Submitted,,
2489763,data_fe-u70(so4)64,Submitted,,
2489762,data_cuce70-standard,Submitted,,
2489761,data_coce70-standard,Submitted,,
2489760,data_u90-lu,Submitted,,
2489759,data_u90-tm,Submitted,,
2489758,data_u90-yb,Submitted,,
2489757,data_NH4La-U6,Submitted,,
2489756,data_ni-tartan,Submitted,,
2489755,data_ybce70-15k,Submitted,,
2489754,data_coce70-isotar,Submitted,,
2489700,data_ce-piol,Submitted,,
2489699,data_tb-ciol,Submitted,,
2489698,data_eu-ciol,Submitted,,
2489697,data_ce-ciol,Submitted,,
2465152,data_cs-puw5,Published,,
2428568,data_ndgew11-cs,Published,,
2428567,data_ndsiw11-cs,Published,,
2423543,data_amgaw11-cs,Published,,
2423542,data_amgew11-cs,Published,,
2423541,data_amsiw11-cs,Published,,
2423540,data_ambw11-cs,Published,,
2421179,data_cmw5_na_,Submitted,,
2421178,data_euw5-cs,Published,,
2421131,data_hfpw11-cs,Published,,
2376396,data_eugew11-cs,Published,,
2376395,data_eusiw11-cs,Published,,
2376394,data_eugaw11-cs,Published,,
2376393,data_cmsiw11-cs,Published,,
2376392,data_cmgew11-cs,Published,,
2376391,data_cmgaw11-cs,Published,,
2357477,data_pbsiw11-cs,Submitted,,
2357476,data_pbpw11-cs,Submitted,,
2333195,data_cmw5-cs,Published,,
2326572,data_siw11-cs,Submitted,,
2326571,data_siw12-cscl,Submitted,,
2326570,data_siw10-cs,Submitted,,
2326569,data_sbw14-cs,Published,,
2326568,data_pw12-cscl,Submitted,,
2326567,data_pw8-nacs,Submitted,,
2326566,data_pw12-cstlcl,Published,,
2326565,data_GeW12-Cs,Submitted,,
2326564,data_gew10-cs,Submitted,,
2326563,data_gaw10-cs,Submitted,,
2326562,data_GaW12-Cs,Submitted,,
2326561,data_BW13-Cs,Submitted,,
2326560,data_bw12-cs-tetra,Submitted,,
2326559,data_bw12-cs-ortho,Submitted,,
2326558,data_BW12-Cs-mono,Submitted,,
2326552,data_thsiw11-cs,Published,,
2326551,data_thbw11-cs,Published,,
2326550,data_thgew11-cs,Published,,
2326549,data_CaBW11-Cs,Submitted,,
2326548,data_casiw11-cs,Submitted,,
2326547,data_ceIIIgew11-cs,Submitted,,
2326546,data_ceIIIbw11-cs,Submitted,,
2326545,data_ceIIIsiw11-cs,Submitted,,
2326544,data_ndw5-cs,Published,,
2326543,data_ampw11-cs-2,Published,,
2326542,data_ceIIIgaw11-cs,Submitted,,
2326541,data_zrpw11-cs,Published,,
2326522,data_SnIISiW11-Cs,Submitted,,
2326521,data_sniigew11-cs,Published,,
2326520,data_sniigaw11-cs,Published,,
2311736,data_srsiw11-cs-2,Published,,
2311735,data_srgew11-cs,Published,,
2311284,data_lasiw11-cs,Published,,
2311283,data_lagaw11-cs,Published,,
2311282,data_lagew11-cs,Published,,
2311281,data_labw11-cs,Published,,
2311185,data_ceivbw11-cs,Published,,
2311184,data_ceivsiw11-cs,Published,,
2311183,data_nasiw11-cs,Published,,
2311182,data_ceivgaw11-cs,Published,,
2311181,data_ceivgew11-cs,Published,,
2311180,data_nabw11-cs,Published,,
2311179,data_srbw11-cs,Published,,
2311178,data_bagew11-cs-mono,Published,,
2311177,data_srgaw11-cs,Published,,
2311176,data_basiw11-cs,Published,,
2311175,data_bagaw11-cs,Published,,
2292405,data_ypw11-cs,Published,,
2292404,data_snpw11-cs,Submitted,,
2292403,data_tmpw11-cs,Published,,
2292402,data_thpw11-cs,Published,,
2292401,data_ybpw11-cs,Published,,
2292400,data_tbpw11-cs,Published,,
2292399,data_srpw11-cs,Published,,
2292398,data_prpw11-cs-2,Published,,
2292396,data_hopw11-cs,Published,,
2292395,data_erpw11-cs,Published,,
2292394,data_gdpw11-cs,Published,,
2292393,data_dypw11-cs,Published,,
2292392,data_lapw11-cs,Published,,
2292391,data_eupw11-cs,Published,,
2292390,data_lupw11-cs,Published,,
2292389,data_napw11-cs,Published,,
2292388,data_ndpw11-cs,Published,,
2292387,data_ceivpw11-cs,Published,,
2292386,data_ampw11-cs,Published,,
2292385,data_capw11-cs-2,Published,,
2292384,data_cmpw11-cs-xs,Published,,
2292383,data_ceiiipw11-cs,Published,,
2292382,data_capw11-cs,Published,,
2292381,data_bapw11-cs,Published,,
2292380,data_pw10-cs,Submitted,,
2291415,data_Nb59,Published,,
2291414,data_agnb16,Published,,
2291413,data_Cu2Nb8,Published,,
2291412,data_co2nb8,Published,,
2207380,data_lu-u84,Submitted,,
2207379,data_Tm-U84,Submitted,,
2207378,data_gd-u6,Submitted,,
2207377,data_Sm-U6,Submitted,,
2207376,data_nd-u6,Submitted,,
2207375,data_dy-u6,Submitted,,
2207374,data_Eu-U6,Submitted,,
2164766,data_nh4ce622-mono,Published,,
2164765,data_nh4-ce6,Published,,
2127434,data_ndw5,Published,,
2127433,data_euw5,Published,,
2127432,data_smpw11,Published,,
2127431,data_smbw11,Published,,
2127430,data_ndbw11,Published,,
2114775,data_cseubw11,Published,,
2114774,data_cscmbw11,Published,,
2105638,data_eupw11,Published,,
2105637,data_nh4-th6-mono,Published,,
2105636,data_Ho-U6,Published,,
2105635,data_Yb-U84,Published,,
2105634,data_Tb-U6,Submitted,,
2105633,data_Pr-U6,Submitted,,
2105632,data_nh4-u84-tetra,Published,,
2105631,data_nh4th-th6,Published,,
2105630,data_nh48ceso46,Published,,
2105629,data_nh46ceso45,Published,,
2105628,data_nh4-u84-rhomb,Published,,
2105627,data_nh4-u6,Published,,
2105626,data_nh4-u6-chains,Published,,
2105625,data_nh4-th6-tetra,Published,,
2105624,data_Er-U84,Published,,
2105623,data_ndpw11,Published,,
2105622,data_Ce-U6,Published,,
2105535,data_CsCmPW11-beta,Published,,
2105534,data_CsCmPW11-alpha,Published,,
2102485,data_ag3-crmo6-2,Published,,
2102484,data_Ag4-V10,Published,,
2102483,data_Ag3-CrMo6-1,Published,,
2102482,data_Ag-CrMo6,Published,,
2057091,data_nh4ce70-ortho,Published,,
2057090,data_nh4ce70-mono,Published,,
2057089,data_nh4cece622,Published,,
2057088,data_nh4ce622-beta,Published,,
2057087,data_nh4ce622-alpha,Published,,
2057086,data_ni-pacman,Published,,
2057085,data_nh4ce52ce70,Published,,
2057084,data_cdce70-isolated,Published,,
2057078,data_ybce70,Published,,
2055317,data_CsBuSnW9,Published,,
2016629,data_ZnCe70-Propeller,Published,,
2016626,data_znce70-isolated,Published,,
2016624,data_NiCe70-Standard,Published,,
2016621,data_CuCe70-Tartan,Published,,
2016618,data_CoCe70-Tartan,Published,,
2016617,data_CoCe70-Isolated,Published,,
2016616,data_CoCe70-Propeller,Published,,
2016615,data_CdCe70,Published,,
2015781,data_u-dimer,Published,,
2015780,data_U-U6,Published,,
1998614,data_Ni8U70SO466,Published,,
1998613,data_Ni6U70SO464,Published,,
1998612,data_Fe6U70SO464,Published,,
1998611,data_fe4u70so462,Published,,
1998610,data_Cr6U70SO464,Published,,
1998609,data_feuo22u70so462,Published,,
1998608,data_Co6U70SO464,Published,,
1998607,data_Cr4U70SO462,Published,,
1998606,data_Co4U70SO462,Published,,
1982618,data_u6-u70mn-mo,Published,,
1982594,data_u-luu84,Published,,
1982490,data_osumn-41k-ap,Submitted,,
1982479,data_u70-zn14k-2,Published,,
1982472,data_u70-mn,Published,,
1982470,data_u6-er(u84)2,Published,,
1982469,data_u84-y,Published,,
1982467,data_u6-la,Published,,
